record_id,category,value,timestamp
1,C,299.64,2024-12-19T22:06:27
2,B,87.71,2025-01-10T14:22:13
3,D,105.79,2025-01-03T15:08:05
4,B,32.98,2024-12-23T08:51:09
5,B,118.69,2025-01-04T20:18:00
6,C,144.65,2025-01-07T06:55:47
7,C,391.54,2024-12-24T09:10:16
8,A,445.57,2025-01-04T05:40:42
9,A,322.46,2025-01-10T00:08:49
10,A,218.95,2025-01-03T16:07:59
11,A,463.31,2024-12-23T11:42:49
12,A,14.27,2025-01-13T23:57:16
13,C,33.68,2024-12-17T19:16:44
14,C,438.44,2025-01-12T14:13:32
15,B,197.08,2025-01-12T17:12:23
16,C,205.27,2024-12-20T21:32:08
17,A,419.98,2025-01-14T08:01:28
18,D,277.18,2025-01-14T11:52:33
19,C,309.07,2025-01-04T16:29:45
20,A,182.25,2024-12-18T07:44:42
21,D,152.87,2024-12-22T06:54:12
22,D,428.14,2024-12-18T09:13:10
23,C,38.17,2025-01-13T05:21:09
24,C,105.62,2025-01-07T06:50:30
25,D,105.98,2025-01-01T04:28:00
26,B,213.63,2024-12-24T10:39:05
27,D,325.57,2024-12-18T20:05:41
28,B,179.56,2025-01-12T13:46:47
29,D,354.32,2024-12-16T13:56:23
30,A,213.18,2024-12-27T19:10:19
31,A,219.62,2025-01-02T16:58:19
32,B,267.57,2025-01-12T17:08:09
33,A,40.53,2025-01-08T11:16:12
34,A,24.76,2024-12-31T01:27:00
35,B,320.65,2024-12-20T20:05:54
36,C,484.01,2025-01-05T02:14:04
37,B,135.62,2025-01-09T07:56:08
38,C,386.48,2024-12-18T12:30:37
39,B,137.93,2025-01-03T22:55:28
40,D,159.21,2024-12-31T02:57:16
41,D,173.72,2025-01-14T11:08:32
42,D,115.35,2025-01-06T08:02:00
43,D,481.57,2024-12-19T10:38:38
44,D,397.54,2024-12-27T05:04:33
45,C,419.35,2024-12-28T22:20:41
46,A,492.16,2025-01-02T13:29:50
47,D,231.4,2025-01-10T23:57:37
48,B,274.71,2024-12-31T17:02:01
49,C,124.74,2025-01-13T20:14:14
50,A,309.79,2025-01-13T06:34:31
51,C,411.48,2025-01-11T08:57:37
52,D,268.49,2024-12-20T22:59:50
53,A,133.83,2024-12-19T23:16:03
54,D,320.53,2024-12-30T02:32:39
55,B,21.2,2025-01-12T13:48:20
56,B,376.83,2024-12-28T04:22:58
57,D,267.11,2024-12-16T02:26:26
58,D,318.71,2025-01-13T17:03:04
59,D,30.79,2025-01-07T10:19:39
60,C,190.0,2025-01-14T22:56:00
61,C,465.76,2024-12-17T03:30:59
62,C,260.49,2024-12-17T22:05:09
63,A,141.43,2024-12-25T15:39:14
64,C,41.31,2025-01-08T03:45:12
65,D,471.31,2024-12-24T16:42:13
66,A,122.05,2025-01-01T06:46:02
67,D,303.22,2025-01-07T01:17:33
68,B,74.71,2025-01-07T11:00:18
69,A,46.14,2025-01-08T00:37:24
70,A,238.16,2024-12-30T22:15:00
71,A,148.16,2025-01-01T07:02:01
72,A,57.43,2024-12-29T14:36:32
73,B,192.85,2024-12-27T18:11:57
74,D,420.2,2025-01-10T15:55:14
75,A,316.41,2025-01-05T05:44:15
76,D,219.26,2024-12-24T22:24:37
77,B,301.84,2025-01-13T19:55:19
78,A,158.55,2025-01-05T01:51:48
79,D,354.96,2025-01-01T23:28:40
80,A,74.31,2024-12-28T19:43:14
81,A,97.58,2025-01-09T20:57:32
82,B,362.3,2024-12-28T12:11:18
83,D,239.77,2025-01-12T09:57:18
84,D,307.29,2025-01-06T00:42:51
85,B,364.88,2025-01-11T17:27:11
86,D,149.21,2024-12-23T06:36:00
87,D,151.98,2024-12-29T09:19:40
88,C,417.99,2025-01-10T23:13:53
89,A,42.68,2025-01-11T15:10:02
90,B,117.35,2024-12-29T16:34:02
91,A,328.93,2025-01-04T19:16:51
92,A,255.92,2025-01-08T21:28:54
93,D,100.49,2024-12-17T13:29:15
94,B,196.1,2025-01-06T05:17:19
95,D,253.69,2025-01-12T21:59:40
96,B,156.46,2025-01-02T16:09:28
97,D,356.01,2025-01-10T21:41:50
98,C,346.29,2025-01-10T01:26:41
99,A,314.2,2024-12-24T19:48:42
100,A,316.23,2024-12-31T03:12:12
101,A,37.33,2024-12-25T11:05:32
102,D,497.78,2025-01-02T07:38:10
103,A,437.38,2025-01-12T00:35:10
104,B,311.08,2024-12-17T14:45:32
105,B,329.41,2025-01-13T13:48:57
106,D,479.4,2024-12-16T04:28:27
107,C,128.84,2024-12-24T11:28:15
108,D,465.45,2025-01-12T04:16:59
109,C,279.29,2024-12-16T02:17:55
110,B,350.19,2024-12-30T19:52:23
111,D,73.07,2024-12-21T12:25:14
112,C,290.71,2025-01-10T09:16:51
113,A,174.42,2024-12-23T22:15:44
114,B,494.82,2025-01-10T06:10:39
115,A,57.95,2024-12-29T23:10:25
116,A,486.41,2025-01-10T04:12:26
117,A,344.68,2024-12-27T05:18:00
118,A,72.38,2025-01-04T12:30:56
119,A,457.7,2025-01-12T15:40:13
120,D,202.19,2024-12-21T11:20:27
121,C,200.39,2024-12-24T05:49:08
122,C,372.09,2024-12-23T13:22:20
123,B,316.32,2025-01-14T19:23:16
124,A,355.58,2024-12-31T00:06:51
125,C,14.08,2024-12-18T03:58:21
126,B,489.5,2024-12-27T16:10:13
127,D,288.38,2024-12-26T05:33:34
128,B,180.54,2024-12-19T11:58:43
129,B,204.89,2025-01-14T03:21:37
130,C,376.46,2024-12-24T21:56:57
131,C,311.79,2024-12-26T17:24:56
132,A,151.52,2024-12-29T23:01:38
133,B,394.12,2024-12-30T00:22:57
134,B,110.35,2024-12-25T03:13:04
135,D,161.87,2024-12-26T09:26:57
136,C,68.05,2025-01-09T21:13:00
137,B,195.37,2025-01-01T07:51:00
138,B,310.55,2024-12-17T23:23:53
139,A,33.8,2024-12-17T22:58:49
140,C,320.9,2024-12-26T00:46:11
141,D,491.92,2024-12-21T19:37:54
142,B,180.5,2025-01-14T07:30:57
143,B,241.27,2024-12-18T16:07:36
144,A,390.16,2024-12-20T14:53:25
145,D,295.49,2024-12-22T03:31:36
146,C,412.04,2024-12-20T01:09:22
147,B,130.71,2024-12-28T19:57:34
148,D,67.92,2024-12-17T17:37:12
149,C,217.61,2025-01-07T04:25:07
150,B,144.28,2025-01-03T13:28:04
151,C,35.36,2024-12-17T13:08:44
152,D,216.58,2025-01-04T19:52:47
153,C,426.8,2024-12-31T07:45:06
154,C,183.23,2025-01-09T07:00:36
155,B,394.9,2024-12-25T22:06:55
156,C,393.79,2024-12-20T19:58:43
157,B,264.85,2025-01-06T10:12:57
158,A,466.36,2024-12-30T18:03:46
159,A,341.01,2024-12-29T03:00:23
160,A,367.46,2024-12-17T10:17:21
161,A,412.27,2024-12-24T22:24:39
162,A,193.04,2024-12-29T06:20:55
163,D,122.8,2025-01-01T16:22:28
164,C,151.71,2025-01-05T19:09:28
165,C,364.39,2024-12-25T03:31:13
166,C,397.35,2024-12-17T00:25:01
167,D,53.36,2024-12-22T05:13:22
168,D,68.68,2025-01-06T12:17:14
169,B,290.62,2025-01-14T23:12:00
170,C,133.95,2024-12-22T17:07:34
171,C,228.18,2025-01-14T22:28:22
172,A,459.64,2025-01-13T05:19:21
173,C,121.83,2024-12-22T11:27:21
174,A,144.71,2024-12-23T23:45:49
175,A,45.23,2025-01-02T07:39:57
176,D,208.17,2025-01-09T21:09:20
177,C,205.09,2025-01-12T08:09:41
178,D,124.37,2025-01-10T12:45:15
179,A,191.85,2025-01-10T11:02:27
180,B,246.15,2024-12-27T05:14:27
181,D,11.73,2025-01-14T15:59:32
182,A,342.33,2025-01-10T04:45:03
183,B,60.95,2024-12-30T07:32:12
184,A,494.15,2025-01-03T00:49:44
185,B,274.0,2025-01-08T21:24:12
186,D,47.35,2024-12-18T09:58:46
187,C,404.29,2025-01-14T13:52:17
188,B,229.34,2025-01-11T17:21:29
189,D,71.89,2025-01-10T07:54:21
190,C,312.09,2025-01-10T22:56:45
191,C,310.27,2024-12-22T02:19:47
192,A,481.24,2024-12-31T00:17:23
193,D,166.58,2024-12-20T19:56:55
194,B,46.25,2024-12-28T15:28:10
195,C,217.61,2024-12-19T05:58:09
196,D,413.0,2025-01-11T11:06:50
197,A,303.18,2025-01-02T13:41:10
198,A,209.54,2025-01-14T01:08:07
199,A,48.17,2024-12-23T01:13:34
200,C,278.29,2024-12-16T11:40:35
201,A,448.87,2025-01-04T15:48:12
202,D,482.13,2025-01-05T03:21:38
203,B,477.3,2024-12-30T09:28:12
204,A,118.98,2024-12-16T18:03:02
205,C,18.57,2024-12-16T15:12:53
206,B,98.9,2024-12-31T08:14:06
207,C,410.04,2025-01-04T23:35:56
208,C,341.13,2024-12-22T02:08:11
209,B,397.87,2024-12-17T05:19:12
210,D,205.71,2024-12-29T06:36:53
211,C,426.23,2025-01-05T20:17:52
212,A,347.49,2024-12-17T01:43:12
213,D,104.87,2024-12-18T20:11:44
214,C,318.55,2025-01-04T05:58:43
215,C,220.66,2024-12-25T15:16:20
216,A,478.65,2025-01-13T10:26:47
217,D,55.9,2025-01-12T21:01:30
218,C,18.03,2025-01-02T11:47:33
219,B,111.73,2025-01-01T11:00:28
220,A,395.11,2025-01-12T11:39:13
221,A,335.53,2025-01-11T00:21:04
222,B,167.86,2025-01-09T04:54:48
223,A,98.83,2024-12-29T11:35:47
224,D,491.74,2024-12-28T09:06:09
225,D,202.43,2025-01-13T23:05:02
226,D,416.65,2025-01-14T15:00:38
227,D,405.02,2024-12-27T17:18:25
228,B,285.85,2025-01-12T21:26:04
229,D,293.57,2025-01-01T19:39:15
230,D,457.8,2025-01-13T18:13:06
231,B,375.18,2024-12-25T14:21:30
232,D,176.23,2025-01-03T03:40:07
233,D,489.75,2025-01-12T12:07:21
234,A,302.94,2025-01-14T06:56:21
235,B,175.11,2025-01-14T11:51:13
236,D,453.91,2024-12-27T20:16:29
237,D,323.31,2024-12-22T23:50:02
238,B,304.79,2024-12-18T02:57:13
239,A,427.13,2024-12-30T16:09:20
240,A,374.1,2025-01-09T19:20:55
241,C,485.83,2025-01-07T08:16:19
242,B,314.74,2025-01-13T08:20:21
243,D,487.29,2024-12-21T01:04:20
244,B,351.79,2025-01-03T20:52:31
245,D,274.54,2024-12-29T13:03:57
246,B,242.29,2025-01-03T14:21:24
247,D,266.51,2025-01-01T09:04:05
248,A,426.06,2024-12-23T14:12:13
249,A,52.49,2024-12-31T07:04:10
250,B,203.68,2025-01-12T22:02:49
251,A,347.66,2025-01-07T00:41:46
252,C,393.66,2024-12-25T22:07:07
253,C,288.42,2024-12-25T03:35:45
254,C,143.2,2025-01-04T02:43:15
255,B,217.7,2025-01-05T03:09:26
256,D,50.82,2024-12-31T02:53:40
257,C,111.86,2025-01-02T00:54:11
258,D,44.02,2024-12-24T11:26:27
259,C,191.31,2024-12-22T02:46:44
260,C,390.55,2025-01-02T23:38:48
261,A,350.7,2025-01-03T06:03:17
262,C,170.84,2024-12-21T23:02:06
263,C,354.89,2024-12-18T22:54:39
264,A,45.36,2024-12-18T19:25:29
265,C,325.14,2025-01-06T13:08:08
266,B,286.67,2024-12-29T23:37:20
267,D,343.1,2024-12-22T18:46:02
268,A,224.01,2024-12-27T08:03:40
269,C,335.5,2025-01-13T13:31:48
270,A,315.04,2024-12-23T10:50:57
271,A,359.58,2024-12-29T09:15:00
272,A,386.51,2024-12-29T18:23:54
273,B,60.05,2024-12-29T22:34:56
274,A,442.57,2025-01-12T21:01:40
275,C,381.29,2024-12-18T18:31:42
276,C,449.32,2025-01-12T13:01:25
277,C,181.34,2024-12-22T14:06:18
278,C,265.11,2024-12-30T17:16:48
279,D,53.95,2024-12-18T23:32:28
280,A,296.93,2024-12-31T20:19:47
281,C,470.57,2024-12-23T12:48:36
282,D,490.69,2024-12-19T00:25:33
283,D,84.39,2025-01-12T23:22:44
284,D,459.56,2025-01-14T22:03:38
285,A,162.83,2025-01-04T08:07:15
286,C,414.87,2025-01-12T07:28:44
287,D,351.34,2025-01-12T15:05:07
288,C,115.63,2024-12-20T08:33:10
289,C,273.19,2024-12-28T00:34:02
290,D,421.91,2025-01-10T22:47:45
291,C,319.34,2024-12-22T00:24:52
292,B,263.07,2025-01-01T03:34:49
293,A,223.34,2025-01-08T16:57:03
294,B,432.63,2024-12-23T12:59:39
295,A,307.99,2025-01-10T04:33:00
296,B,114.42,2024-12-28T05:46:51
297,A,485.46,2025-01-12T15:13:56
298,C,51.4,2025-01-11T19:30:45
299,B,187.14,2025-01-07T05:01:10
300,A,362.75,2025-01-10T01:47:00
301,C,29.86,2024-12-29T04:21:29
302,A,448.5,2025-01-05T04:03:07
303,A,33.36,2025-01-14T14:45:43
304,A,364.19,2024-12-20T20:19:38
305,B,399.21,2025-01-06T23:23:57
306,B,104.63,2024-12-30T07:37:28
307,C,225.66,2024-12-30T05:38:55
308,D,273.28,2025-01-06T06:52:48
309,C,216.56,2025-01-01T11:00:11
310,C,390.08,2024-12-27T13:05:51
311,A,275.96,2025-01-13T07:37:57
312,D,234.32,2025-01-08T11:16:21
313,D,411.51,2025-01-08T04:27:57
314,A,129.56,2024-12-31T19:57:23
315,D,429.23,2025-01-04T13:49:28
316,C,200.91,2025-01-04T00:54:21
317,C,471.1,2024-12-17T07:00:51
318,A,80.99,2025-01-04T13:38:59
319,A,252.15,2025-01-10T05:29:23
320,B,343.64,2025-01-10T09:18:50
321,B,399.87,2024-12-27T14:44:08
322,C,375.84,2024-12-27T10:05:46
323,B,376.53,2025-01-08T05:15:18
324,A,326.32,2025-01-13T12:17:03
325,D,247.09,2025-01-03T02:36:53
326,D,44.28,2024-12-25T02:35:25
327,B,281.33,2024-12-31T22:14:37
328,D,180.91,2025-01-06T05:46:47
329,B,431.08,2024-12-26T23:44:43
330,B,235.94,2025-01-01T07:36:10
331,C,367.85,2024-12-16T20:34:02
332,A,49.16,2025-01-01T11:08:09
333,D,254.23,2024-12-28T01:21:25
334,C,282.83,2024-12-17T19:14:46
335,B,75.58,2025-01-09T15:48:42
336,A,398.98,2025-01-02T00:04:35
337,A,318.15,2024-12-19T21:07:01
338,B,442.44,2024-12-28T05:06:40
339,D,222.2,2024-12-19T00:58:40
340,B,99.33,2024-12-29T23:42:12
341,A,46.66,2025-01-06T06:02:10
342,C,382.12,2025-01-01T04:00:24
343,A,107.36,2025-01-06T03:24:15
344,D,271.46,2024-12-27T14:20:42
345,B,396.71,2024-12-30T07:37:20
346,A,481.13,2025-01-07T14:51:28
347,A,203.64,2025-01-14T07:03:49
348,A,328.01,2024-12-17T11:50:41
349,D,460.62,2024-12-30T01:31:19
350,A,228.37,2024-12-29T10:22:08
351,C,491.1,2025-01-04T22:57:47
352,C,305.43,2024-12-23T21:54:27
353,D,100.39,2024-12-25T20:05:45
354,C,279.72,2025-01-04T03:41:29
355,C,361.54,2024-12-24T11:36:39
356,A,218.61,2025-01-09T18:56:52
357,A,205.84,2025-01-04T20:11:01
358,D,457.55,2024-12-20T06:03:03
359,C,83.63,2024-12-19T09:14:48
360,B,112.19,2025-01-12T09:10:51
361,B,113.18,2024-12-24T19:57:03
362,B,438.23,2025-01-10T22:32:16
363,D,216.92,2024-12-29T21:14:41
364,C,316.15,2024-12-23T01:21:31
365,A,27.54,2025-01-05T00:58:31
366,D,106.72,2024-12-27T17:45:29
367,B,268.27,2025-01-06T09:01:08
368,D,326.01,2024-12-31T09:39:14
369,C,418.04,2025-01-07T17:08:11
370,A,418.63,2024-12-20T22:59:44
371,C,140.25,2025-01-07T11:32:40
372,C,132.2,2024-12-16T03:52:00
373,C,255.04,2025-01-01T09:20:26
374,D,308.15,2024-12-31T03:14:07
375,A,196.57,2024-12-17T03:00:48
376,B,244.14,2025-01-01T06:27:10
377,B,405.08,2024-12-31T06:06:11
378,B,80.37,2025-01-07T02:28:42
379,B,335.08,2025-01-11T04:35:22
380,D,155.54,2024-12-28T09:58:21
381,D,297.1,2025-01-11T00:15:34
382,A,324.5,2025-01-02T18:08:41
383,C,418.22,2024-12-20T03:53:13
384,A,106.56,2025-01-10T14:12:15
385,C,312.94,2024-12-16T12:46:16
386,A,194.97,2024-12-17T18:02:45
387,D,236.35,2024-12-21T13:44:36
388,A,270.03,2025-01-10T10:39:32
389,C,91.92,2025-01-08T02:47:17
390,C,253.63,2025-01-01T19:51:54
391,A,180.2,2024-12-20T21:58:55
392,D,158.43,2024-12-26T23:44:59
393,B,465.21,2025-01-04T09:06:25
394,A,412.72,2025-01-11T03:45:19
395,D,69.21,2025-01-11T06:23:52
396,D,74.0,2024-12-24T11:59:26
397,C,90.89,2024-12-17T08:29:34
398,B,259.15,2024-12-23T00:44:25
399,B,139.78,2025-01-09T06:38:16
400,B,413.33,2025-01-14T03:45:03
401,C,394.8,2025-01-14T20:39:48
402,B,412.19,2024-12-21T11:12:43
403,A,18.13,2024-12-22T15:25:29
404,D,120.2,2024-12-29T20:29:15
405,A,474.11,2025-01-07T15:23:47
406,A,74.63,2025-01-15T00:12:47
407,A,19.18,2025-01-04T15:19:29
408,A,68.18,2025-01-10T21:18:31
409,C,311.62,2025-01-09T22:39:11
410,D,136.09,2025-01-03T12:53:55
411,B,181.2,2024-12-27T09:12:27
412,B,454.36,2024-12-23T03:15:53
413,D,494.17,2025-01-01T23:49:10
414,B,343.87,2024-12-23T12:03:24
415,B,75.4,2025-01-01T05:22:12
416,A,43.91,2024-12-18T00:48:11
417,D,168.92,2024-12-25T03:42:56
418,C,289.33,2024-12-17T08:20:43
419,C,66.42,2024-12-21T03:53:25
420,A,377.05,2025-01-04T14:33:49
421,C,276.0,2024-12-16T04:43:14
422,D,264.09,2025-01-13T05:00:17
423,C,245.35,2024-12-16T03:52:59
424,A,353.9,2025-01-07T12:03:28
425,A,327.12,2024-12-29T06:04:41
426,A,493.22,2024-12-18T16:22:47
427,C,84.05,2024-12-16T02:10:39
428,C,459.21,2024-12-26T09:56:07
429,D,459.65,2025-01-01T10:24:30
430,B,165.44,2024-12-16T15:30:25
431,C,151.07,2025-01-03T16:34:36
432,C,158.0,2024-12-31T06:51:14
433,D,475.76,2024-12-31T06:31:24
434,C,126.93,2025-01-14T07:36:03
435,A,308.17,2024-12-28T04:09:24
436,B,236.13,2025-01-13T21:55:24
437,A,83.0,2024-12-20T02:43:36
438,B,294.14,2025-01-07T04:26:13
439,D,365.28,2024-12-26T17:28:49
440,C,117.53,2025-01-07T22:34:05
441,B,237.43,2025-01-10T06:02:55
442,D,198.8,2025-01-08T06:42:26
443,D,152.99,2024-12-16T07:07:05
444,C,380.91,2024-12-28T04:58:05
445,D,171.96,2025-01-11T19:18:16
446,D,429.32,2025-01-12T05:53:39
447,A,243.03,2024-12-19T15:38:00
448,A,176.49,2025-01-11T09:36:57
449,D,492.63,2024-12-28T00:42:11
450,A,113.0,2025-01-11T13:02:01
451,A,365.16,2024-12-21T00:26:59
452,B,165.64,2024-12-25T11:50:32
453,C,275.97,2024-12-16T10:50:46
454,A,316.42,2024-12-17T05:15:28
455,D,87.59,2024-12-25T01:41:41
456,A,438.21,2024-12-19T19:53:23
457,A,284.68,2024-12-25T14:24:41
458,C,13.2,2025-01-11T03:58:55
459,D,322.43,2024-12-26T07:44:23
460,D,97.8,2025-01-11T00:26:35
461,A,454.16,2025-01-10T02:17:18
462,B,466.98,2024-12-30T11:49:36
463,D,388.12,2025-01-03T05:00:43
464,B,135.24,2025-01-01T05:41:47
465,D,442.92,2024-12-20T20:45:54
466,A,29.01,2024-12-23T21:43:59
467,D,15.2,2025-01-05T13:19:33
468,D,317.37,2024-12-16T23:05:49
469,A,320.8,2025-01-02T08:39:18
470,A,178.28,2024-12-23T10:29:28
471,B,70.23,2024-12-19T12:29:34
472,D,483.18,2025-01-09T00:11:22
473,A,57.98,2024-12-17T05:12:25
474,A,473.23,2025-01-03T12:48:01
475,A,353.16,2025-01-08T20:08:22
476,C,395.66,2024-12-31T15:34:39
477,C,139.09,2025-01-13T14:08:32
478,D,236.9,2025-01-08T18:59:59
479,C,376.97,2024-12-28T14:14:34
480,B,65.7,2025-01-01T22:26:58
481,C,149.39,2024-12-20T23:03:31
482,D,328.51,2024-12-19T16:15:28
483,B,373.55,2024-12-16T17:51:13
484,B,207.87,2024-12-29T17:12:50
485,B,83.92,2025-01-01T05:38:22
486,A,364.87,2024-12-31T05:27:40
487,C,441.69,2025-01-07T21:08:48
488,A,193.43,2024-12-23T04:48:21
489,D,59.6,2024-12-17T03:32:03
490,D,59.62,2025-01-11T01:21:08
491,C,401.25,2025-01-09T18:00:13
492,A,298.37,2024-12-16T18:13:25
493,D,90.24,2024-12-24T07:48:33
494,B,290.77,2025-01-06T03:57:40
495,C,324.96,2024-12-23T15:53:04
496,C,219.6,2024-12-18T14:10:49
497,D,339.97,2025-01-07T12:45:21
498,D,443.33,2025-01-07T02:11:16
499,B,448.18,2024-12-27T05:59:40
500,B,155.77,2024-12-28T08:10:17
501,B,246.23,2024-12-29T13:02:05
502,C,28.37,2025-01-02T00:51:22
503,B,122.38,2025-01-10T15:44:08
504,C,157.19,2024-12-18T11:55:50
505,B,252.14,2025-01-03T19:30:51
506,B,422.03,2024-12-28T10:35:25
507,B,47.64,2025-01-03T10:06:27
508,B,491.61,2024-12-27T23:27:17
509,C,317.83,2025-01-06T06:43:12
510,D,329.22,2025-01-08T21:57:10
511,D,119.04,2024-12-20T18:33:42
512,B,94.16,2024-12-17T20:13:29
513,C,302.77,2024-12-29T06:30:13
514,B,377.65,2024-12-19T08:38:01
515,A,170.45,2025-01-03T14:33:36
516,D,109.25,2024-12-18T15:12:35
517,D,254.13,2024-12-26T07:06:10
518,B,379.0,2025-01-06T05:38:30
519,B,378.06,2024-12-16T22:01:40
520,D,215.18,2025-01-08T21:20:45
521,A,352.73,2025-01-05T14:55:31
522,D,246.57,2025-01-08T14:42:32
523,D,302.67,2025-01-06T20:29:40
524,A,211.42,2025-01-03T01:30:19
525,B,13.29,2025-01-09T21:08:14
526,A,496.98,2024-12-17T09:00:07
527,D,477.28,2024-12-31T01:02:46
528,A,240.03,2025-01-05T14:54:02
529,C,246.15,2024-12-21T18:03:56
530,D,92.6,2025-01-01T14:11:34
531,B,84.22,2024-12-22T19:13:36
532,A,35.43,2025-01-02T10:22:19
533,D,135.86,2024-12-24T06:57:46
534,D,307.44,2025-01-12T12:08:17
535,D,142.45,2024-12-22T00:57:06
536,A,493.31,2024-12-18T10:16:34
537,B,185.75,2024-12-24T15:00:45
538,A,96.34,2024-12-30T12:13:52
539,A,204.73,2025-01-12T03:32:33
540,D,74.17,2025-01-05T02:55:03
541,D,213.73,2025-01-12T00:37:22
542,A,260.85,2025-01-05T06:29:08
543,A,269.92,2025-01-13T11:44:35
544,D,499.95,2025-01-13T02:33:41
545,D,354.66,2025-01-14T19:11:49
546,C,282.64,2025-01-10T08:22:59
547,C,402.56,2025-01-10T04:00:42
548,C,30.86,2024-12-23T00:32:25
549,C,423.37,2025-01-04T05:04:09
550,A,117.31,2024-12-24T14:20:41
551,D,483.12,2025-01-13T12:12:35
552,B,231.48,2025-01-02T11:51:36
553,D,126.52,2024-12-30T00:54:38
554,C,129.05,2025-01-07T03:39:00
555,A,351.49,2024-12-30T15:21:57
556,D,252.43,2025-01-13T18:25:06
557,B,269.49,2025-01-14T08:29:20
558,B,472.19,2025-01-10T03:46:48
559,A,463.84,2025-01-03T12:29:42
560,C,436.46,2025-01-13T22:08:47
561,D,418.62,2025-01-06T20:23:23
562,B,43.02,2025-01-07T21:58:01
563,B,224.91,2024-12-22T07:26:42
564,D,39.73,2024-12-28T04:13:26
565,B,371.32,2024-12-28T02:19:08
566,B,324.77,2025-01-06T15:55:48
567,D,271.14,2024-12-30T01:44:17
568,B,25.04,2024-12-17T12:06:03
569,A,441.52,2024-12-26T12:12:03
570,D,276.3,2025-01-07T02:56:27
571,C,289.29,2024-12-28T07:49:12
572,D,28.11,2025-01-05T10:12:02
573,C,375.55,2024-12-18T16:05:39
574,B,250.11,2024-12-20T23:25:14
575,D,322.58,2024-12-22T14:53:15
576,D,303.54,2024-12-19T03:43:42
577,B,220.58,2025-01-01T19:28:17
578,A,266.1,2024-12-18T15:42:16
579,A,26.9,2025-01-04T18:23:05
580,A,385.75,2025-01-04T13:22:27
581,D,304.64,2025-01-02T07:03:22
582,C,402.9,2024-12-26T10:36:59
583,A,281.4,2024-12-30T19:28:15
584,A,279.84,2025-01-06T19:41:18
585,A,183.22,2024-12-25T22:58:32
586,A,433.93,2024-12-17T21:39:58
587,B,306.28,2024-12-29T22:50:09
588,C,303.41,2025-01-08T06:55:42
589,D,202.0,2024-12-22T20:36:43
590,D,157.69,2025-01-05T07:49:27
591,A,436.86,2025-01-12T17:13:52
592,C,369.78,2025-01-02T16:52:23
593,D,461.47,2024-12-18T11:28:33
594,B,467.71,2024-12-19T01:00:12
595,A,370.69,2025-01-01T20:14:58
596,D,420.89,2025-01-14T17:11:04
597,D,50.58,2024-12-27T05:33:27
598,A,466.53,2025-01-04T22:41:30
599,C,148.91,2024-12-23T19:07:08
600,D,333.39,2025-01-12T00:37:04
601,D,194.88,2024-12-27T20:43:46
602,C,329.01,2025-01-03T07:21:54
603,A,235.73,2024-12-17T12:37:15
604,B,369.12,2024-12-21T13:40:51
605,A,125.79,2024-12-26T10:29:23
606,C,429.21,2024-12-17T22:43:19
607,A,163.23,2025-01-03T11:54:05
608,D,59.35,2025-01-04T05:39:45
609,C,425.81,2024-12-19T23:30:15
610,D,298.13,2025-01-14T16:11:02
611,B,278.54,2024-12-28T01:05:58
612,C,240.37,2024-12-21T22:51:24
613,C,114.93,2024-12-29T08:09:05
614,A,170.56,2025-01-05T21:22:39
615,D,96.51,2025-01-06T21:39:11
616,D,37.65,2024-12-23T15:52:38
617,A,332.65,2024-12-21T09:39:16
618,D,148.33,2025-01-13T06:29:48
619,A,146.53,2025-01-02T00:14:13
620,C,217.4,2025-01-02T04:45:29
621,D,499.99,2025-01-02T20:23:45
622,C,95.29,2024-12-20T21:51:32
623,A,173.95,2024-12-22T21:38:51
624,D,165.66,2025-01-10T07:03:51
625,A,264.98,2025-01-14T23:34:20
626,A,276.55,2024-12-20T16:19:59
627,C,309.88,2024-12-22T02:31:52
628,D,407.35,2025-01-08T20:49:14
629,B,181.28,2024-12-19T02:42:10
630,C,233.67,2025-01-06T08:39:03
631,A,109.68,2025-01-03T18:11:05
632,B,11.3,2025-01-12T21:38:13
633,D,358.08,2024-12-24T21:58:34
634,C,289.16,2025-01-08T04:55:30
635,D,420.96,2024-12-27T15:12:10
636,B,121.45,2025-01-12T06:16:24
637,C,437.85,2025-01-09T18:07:45
638,D,157.0,2025-01-01T14:35:00
639,C,72.73,2024-12-31T03:38:14
640,D,151.31,2024-12-22T14:42:11
641,A,194.63,2024-12-25T07:16:57
642,A,466.02,2024-12-16T04:51:34
643,D,246.4,2025-01-10T15:05:42
644,B,221.64,2024-12-31T07:32:52
645,C,252.31,2025-01-13T00:40:03
646,C,481.93,2024-12-17T14:53:34
647,C,267.05,2025-01-06T08:50:53
648,A,132.97,2025-01-01T12:25:22
649,A,156.39,2025-01-13T07:08:19
650,B,195.86,2025-01-11T14:07:12
651,C,49.83,2024-12-27T05:59:13
652,C,62.23,2025-01-11T07:56:50
653,B,489.3,2025-01-09T17:36:36
654,D,82.46,2024-12-30T14:58:38
655,D,209.98,2024-12-19T13:21:21
656,C,177.88,2024-12-30T21:56:55
657,D,253.87,2025-01-07T09:13:56
658,C,317.4,2025-01-11T13:19:16
659,A,415.76,2024-12-25T18:03:33
660,A,226.42,2025-01-09T07:39:49
661,D,79.46,2024-12-19T15:30:30
662,B,229.34,2025-01-14T01:27:17
663,C,107.15,2025-01-07T08:10:58
664,A,318.21,2025-01-07T09:55:57
665,B,188.85,2024-12-23T12:29:38
666,B,142.01,2025-01-12T20:27:45
667,D,48.44,2024-12-30T01:20:33
668,C,123.48,2024-12-27T19:13:16
669,A,36.18,2025-01-06T04:25:28
670,C,65.33,2024-12-21T09:16:23
671,C,254.47,2024-12-30T11:20:06
672,A,64.53,2025-01-13T02:12:20
673,C,46.15,2025-01-07T00:28:39
674,C,154.72,2024-12-31T20:22:01
675,A,147.04,2025-01-07T19:15:39
676,C,90.68,2025-01-05T12:26:59
677,D,128.61,2024-12-28T17:03:31
678,B,165.42,2025-01-12T07:16:28
679,D,393.73,2024-12-21T20:58:53
680,C,388.6,2024-12-26T10:58:53
681,D,170.59,2024-12-16T04:04:30
682,B,236.04,2025-01-06T18:29:43
683,C,372.2,2024-12-20T09:43:37
684,A,287.34,2024-12-28T20:13:14
685,D,338.7,2025-01-03T08:21:04
686,B,79.77,2024-12-25T14:51:41
687,C,449.3,2025-01-12T10:33:58
688,A,447.2,2025-01-01T10:39:44
689,B,279.93,2025-01-10T06:32:30
690,C,325.85,2025-01-05T22:57:30
691,C,147.9,2024-12-18T03:43:47
692,B,354.81,2025-01-02T20:16:11
693,B,121.69,2025-01-07T10:46:12
694,C,124.23,2025-01-12T01:14:46
695,A,114.05,2024-12-21T00:18:25
696,A,75.25,2024-12-30T01:26:13
697,D,125.54,2024-12-25T03:39:30
698,D,131.41,2024-12-24T16:44:32
699,B,36.73,2024-12-25T18:35:21
700,A,277.96,2024-12-17T23:30:27
701,D,322.58,2025-01-14T01:40:42
702,B,59.15,2025-01-15T00:36:11
703,B,330.04,2025-01-04T11:29:06
704,C,362.42,2024-12-21T14:49:30
705,A,239.1,2025-01-02T00:49:34
706,D,317.65,2024-12-26T06:26:38
707,B,154.92,2024-12-28T05:06:23
708,A,122.55,2025-01-01T05:41:33
709,A,210.72,2024-12-20T16:12:15
710,A,104.92,2024-12-23T08:06:09
711,D,246.05,2024-12-27T11:38:19
712,B,402.48,2025-01-01T00:52:07
713,D,321.32,2025-01-05T13:59:14
714,A,247.36,2025-01-12T18:25:30
715,C,315.04,2025-01-13T20:21:30
716,C,309.54,2025-01-11T22:43:35
717,D,407.8,2025-01-14T23:53:12
718,D,370.22,2025-01-06T14:41:05
719,A,294.59,2025-01-03T16:10:00
720,B,457.83,2025-01-12T02:34:06
721,D,312.79,2024-12-27T23:26:16
722,B,467.91,2024-12-27T00:44:40
723,A,428.96,2024-12-23T19:40:53
724,A,485.19,2025-01-01T23:28:34
725,A,10.46,2025-01-04T19:12:18
726,C,71.73,2025-01-03T01:47:39
727,C,372.57,2024-12-29T12:34:20
728,C,242.53,2025-01-13T18:18:38
729,A,268.07,2025-01-02T23:55:20
730,B,428.53,2024-12-28T03:39:46
731,B,124.5,2025-01-09T01:14:05
732,B,173.1,2024-12-16T23:45:19
733,A,57.9,2025-01-09T23:19:12
734,D,162.04,2025-01-07T17:10:46
735,C,416.3,2025-01-10T09:07:00
736,A,333.04,2024-12-29T01:06:03
737,C,236.79,2024-12-17T13:12:05
738,A,313.83,2024-12-16T12:49:53
739,C,14.72,2024-12-24T10:25:52
740,D,170.7,2025-01-03T20:57:51
741,A,236.43,2025-01-02T17:59:32
742,A,412.79,2025-01-03T22:06:56
743,A,242.23,2025-01-05T18:33:44
744,B,252.52,2024-12-19T01:35:41
745,D,494.51,2024-12-17T14:41:10
746,A,249.52,2025-01-07T15:09:59
747,A,207.28,2024-12-20T00:11:22
748,D,281.06,2024-12-23T11:23:25
749,A,149.8,2025-01-13T22:01:16
750,C,109.65,2024-12-26T23:47:01
751,B,476.41,2025-01-11T14:26:35
752,A,403.82,2024-12-21T17:04:46
753,A,292.41,2025-01-09T19:34:31
754,B,36.0,2024-12-19T07:29:33
755,D,349.95,2024-12-20T15:07:06
756,B,157.43,2024-12-27T05:04:23
757,C,480.68,2025-01-11T01:16:37
758,D,96.37,2025-01-02T10:55:55
759,D,288.22,2024-12-24T06:19:17
760,B,282.36,2025-01-01T19:11:38
761,D,85.54,2025-01-06T10:05:19
762,B,113.5,2024-12-24T19:48:52
763,B,240.88,2025-01-07T05:37:19
764,C,318.36,2025-01-08T03:12:46
765,C,42.12,2025-01-11T23:29:51
766,B,322.47,2025-01-09T19:58:07
767,C,260.08,2024-12-17T21:31:21
768,B,227.49,2025-01-08T07:08:38
769,B,415.09,2025-01-05T05:12:36
770,D,91.69,2024-12-20T16:27:11
771,B,351.51,2024-12-27T21:28:29
772,C,361.48,2024-12-19T21:56:25
773,B,246.06,2024-12-24T18:24:25
774,C,466.16,2025-01-08T17:40:56
775,C,209.76,2024-12-17T19:06:01
776,A,313.94,2024-12-29T20:21:29
777,A,327.28,2024-12-28T01:48:08
778,B,428.92,2025-01-06T22:34:33
779,C,56.28,2025-01-02T08:55:07
780,A,31.52,2025-01-07T00:22:56
781,D,384.4,2025-01-12T06:55:44
782,C,242.59,2025-01-14T17:26:10
783,B,300.32,2025-01-13T23:47:26
784,A,170.23,2024-12-22T23:04:38
785,B,277.53,2025-01-10T05:48:40
786,D,313.73,2024-12-19T10:52:00
787,A,425.2,2025-01-01T13:49:27
788,B,446.93,2025-01-09T00:08:51
789,A,306.81,2024-12-28T09:40:05
790,D,234.2,2025-01-09T00:31:12
791,D,189.01,2025-01-01T18:32:57
792,B,355.63,2025-01-15T01:26:37
793,A,172.84,2024-12-19T04:53:15
794,C,430.07,2024-12-30T10:54:33
795,C,211.36,2025-01-09T11:36:37
796,A,64.53,2025-01-06T12:00:48
797,C,145.3,2024-12-29T13:35:36
798,A,211.36,2024-12-30T04:51:38
799,A,444.91,2025-01-03T21:00:42
800,D,226.03,2025-01-09T19:42:42
801,B,175.01,2025-01-09T23:37:21
802,A,330.21,2025-01-09T04:50:36
803,C,497.9,2025-01-08T07:22:15
804,A,159.62,2024-12-31T02:48:11
805,D,275.65,2024-12-22T12:58:07
806,D,264.36,2025-01-12T23:13:03
807,C,261.36,2025-01-06T13:25:50
808,D,201.53,2025-01-02T19:18:53
809,D,421.2,2024-12-29T06:52:09
810,B,80.76,2025-01-07T12:03:44
811,A,287.73,2024-12-25T23:19:34
812,A,325.29,2024-12-30T12:30:39
813,B,19.16,2024-12-31T18:21:52
814,C,396.49,2024-12-28T10:29:38
815,D,96.28,2024-12-17T14:59:05
816,B,280.04,2024-12-19T06:35:18
817,B,186.42,2025-01-11T08:13:26
818,D,328.73,2025-01-07T08:20:13
819,C,217.37,2024-12-25T13:00:43
820,B,75.65,2025-01-06T20:56:47
821,A,468.11,2025-01-12T02:24:07
822,A,289.05,2024-12-26T13:39:41
823,D,273.83,2025-01-11T22:16:23
824,D,52.16,2024-12-26T18:23:00
825,B,123.6,2025-01-06T11:11:17
826,A,236.03,2025-01-07T11:40:02
827,B,472.94,2024-12-29T07:03:20
828,B,97.41,2024-12-27T08:40:30
829,B,110.92,2024-12-22T02:59:38
830,D,17.98,2025-01-11T04:09:47
831,A,307.21,2025-01-13T19:43:17
832,A,230.4,2025-01-13T15:38:50
833,C,203.4,2024-12-22T16:26:03
834,A,135.18,2024-12-29T00:40:53
835,A,463.06,2024-12-17T12:06:18
836,D,485.2,2024-12-16T14:34:35
837,D,234.61,2024-12-30T01:23:26
838,A,51.46,2025-01-09T10:55:52
839,C,149.1,2025-01-05T23:51:28
840,B,50.67,2025-01-14T10:51:37
841,D,290.45,2025-01-03T02:23:04
842,D,226.48,2025-01-02T02:45:52
843,D,390.0,2024-12-21T10:24:55
844,D,54.22,2024-12-27T12:10:38
845,C,481.22,2025-01-07T03:03:02
846,A,91.34,2024-12-26T20:29:26
847,B,31.57,2024-12-17T19:16:41
848,D,140.36,2024-12-26T09:05:22
849,A,26.07,2025-01-05T00:12:54
850,A,154.41,2025-01-14T20:08:53
851,C,290.59,2025-01-01T13:03:16
852,D,351.84,2025-01-14T09:56:37
853,B,52.46,2025-01-07T12:31:29
854,A,343.25,2025-01-10T04:00:17
855,C,189.38,2025-01-10T22:58:50
856,D,259.23,2024-12-16T22:19:02
857,C,161.71,2024-12-31T08:04:38
858,B,443.48,2024-12-30T19:42:19
859,D,31.6,2024-12-29T18:16:59
860,B,483.13,2025-01-02T18:41:02
861,B,289.83,2025-01-02T11:01:13
862,C,197.57,2025-01-14T14:56:08
863,C,186.9,2025-01-06T05:44:50
864,B,430.09,2025-01-13T18:51:41
865,D,192.57,2025-01-14T21:58:27
866,D,35.7,2025-01-01T01:28:21
867,C,299.92,2025-01-01T03:54:54
868,C,72.42,2025-01-07T05:54:49
869,B,394.1,2024-12-20T08:01:51
870,A,249.98,2024-12-22T12:33:50
871,C,23.44,2025-01-11T20:59:30
872,D,58.99,2025-01-08T10:17:17
873,C,19.01,2024-12-31T20:46:02
874,C,44.45,2025-01-09T06:27:34
875,C,300.16,2025-01-14T03:58:53
876,B,272.63,2024-12-23T22:07:01
877,A,339.23,2024-12-22T16:05:00
878,B,28.3,2025-01-12T14:57:35
879,C,29.18,2024-12-25T15:15:11
880,B,311.9,2024-12-30T04:51:22
881,A,485.89,2025-01-05T22:14:06
882,C,285.12,2024-12-27T17:23:40
883,D,379.79,2025-01-14T08:41:14
884,B,153.02,2025-01-03T00:57:25
885,C,146.35,2025-01-09T10:44:56
886,C,430.85,2025-01-05T02:52:52
887,B,498.81,2025-01-02T20:03:02
888,A,448.44,2025-01-02T10:25:11
889,D,91.91,2024-12-30T01:26:33
890,C,115.23,2024-12-16T22:23:57
891,B,308.36,2024-12-19T08:47:20
892,B,345.79,2024-12-21T06:14:26
893,A,281.34,2025-01-06T18:01:10
894,C,305.44,2024-12-23T11:59:50
895,C,266.4,2024-12-27T23:42:04
896,A,69.6,2025-01-01T07:43:49
897,D,464.72,2024-12-19T18:41:05
898,C,106.03,2024-12-18T15:38:48
899,D,424.01,2024-12-22T21:15:11
900,A,121.65,2024-12-27T02:27:27
901,B,119.79,2025-01-11T13:28:03
902,B,418.39,2024-12-26T18:23:52
903,B,298.2,2024-12-25T13:29:11
904,B,232.65,2024-12-18T13:14:54
905,A,76.34,2024-12-29T05:08:47
906,D,235.14,2024-12-17T19:35:02
907,B,204.22,2025-01-06T06:55:51
908,A,438.19,2024-12-31T13:32:57
909,A,260.42,2025-01-02T10:31:59
910,B,497.93,2025-01-14T13:35:03
911,B,120.15,2024-12-24T22:45:43
912,B,432.69,2024-12-30T08:59:50
913,D,206.86,2024-12-23T15:31:06
914,A,144.64,2025-01-05T21:04:59
915,B,451.25,2025-01-14T12:47:43
916,D,72.77,2025-01-09T12:55:41
917,B,484.5,2024-12-28T09:29:04
918,B,263.54,2025-01-11T16:21:30
919,A,407.21,2025-01-01T04:35:45
920,D,239.16,2025-01-09T09:35:22
921,C,51.28,2025-01-07T12:11:09
922,D,339.03,2025-01-03T08:49:47
923,B,478.73,2024-12-24T08:30:55
924,A,216.44,2025-01-05T15:21:25
925,A,281.3,2024-12-18T09:52:02
926,B,281.51,2024-12-30T13:18:11
927,B,105.18,2025-01-06T17:17:28
928,D,93.49,2024-12-23T18:47:49
929,C,204.62,2025-01-10T17:47:28
930,C,87.91,2024-12-19T14:08:38
931,C,450.11,2024-12-30T00:58:19
932,D,299.06,2025-01-12T21:36:42
933,B,88.34,2024-12-22T07:11:21
934,D,43.27,2024-12-16T11:37:19
935,D,177.36,2025-01-08T07:51:37
936,B,209.7,2025-01-01T03:11:51
937,A,162.36,2025-01-07T14:02:38
938,D,26.88,2024-12-30T10:54:57
939,D,29.53,2024-12-26T11:22:08
940,D,261.35,2025-01-12T18:29:30
941,A,11.28,2024-12-28T22:52:50
942,A,169.77,2024-12-17T16:37:16
943,C,343.86,2025-01-10T12:42:22
944,C,244.13,2024-12-24T07:21:55
945,C,343.83,2025-01-10T06:12:25
946,B,380.77,2025-01-06T15:28:36
947,D,255.86,2024-12-24T18:23:56
948,D,404.11,2025-01-03T16:02:56
949,A,54.08,2024-12-18T10:31:02
950,A,435.42,2025-01-01T05:13:34
951,C,282.54,2024-12-27T15:50:50
952,D,100.24,2024-12-22T11:16:29
953,B,220.88,2024-12-21T21:10:06
954,B,179.81,2024-12-29T18:56:55
955,A,131.25,2025-01-09T13:08:21
956,A,341.6,2024-12-27T13:11:31
957,C,12.85,2025-01-10T16:07:00
958,D,263.32,2024-12-24T18:14:27
959,C,362.7,2025-01-08T12:22:45
960,B,483.03,2024-12-27T10:28:10
961,A,215.5,2025-01-08T23:32:41
962,D,383.39,2024-12-31T05:54:29
963,D,464.02,2024-12-28T10:08:35
964,D,221.53,2024-12-25T01:23:50
965,D,484.84,2025-01-01T14:03:10
966,B,144.74,2024-12-20T21:40:49
967,C,162.27,2024-12-18T05:14:14
968,C,258.88,2025-01-12T15:36:03
969,C,250.23,2024-12-21T17:25:16
970,C,196.09,2024-12-25T14:18:29
971,B,259.54,2024-12-19T04:14:28
972,C,368.58,2025-01-06T08:22:51
973,C,375.23,2024-12-29T21:10:37
974,D,397.1,2025-01-01T13:57:04
975,C,185.58,2024-12-23T02:22:07
976,B,273.87,2025-01-13T08:40:51
977,C,404.06,2024-12-23T12:23:49
978,A,227.42,2024-12-25T12:56:00
979,C,415.91,2024-12-20T20:29:46
980,D,211.26,2025-01-08T14:46:11
981,C,10.6,2025-01-13T22:00:09
982,C,275.09,2025-01-02T06:00:27
983,D,377.26,2025-01-12T04:15:59
984,C,152.22,2025-01-14T07:20:05
985,D,229.27,2025-01-05T12:35:52
986,A,398.29,2025-01-12T10:09:47
987,A,213.43,2024-12-17T21:06:27
988,D,349.43,2024-12-17T11:53:44
989,A,478.24,2024-12-29T19:50:00
990,C,47.92,2024-12-24T03:41:55
991,A,32.96,2025-01-09T15:13:31
992,D,268.9,2024-12-22T15:34:29
993,D,89.33,2025-01-11T19:29:30
994,A,30.07,2024-12-20T03:43:39
995,C,175.52,2024-12-21T08:24:17
996,B,187.51,2024-12-22T02:21:29
997,A,131.85,2025-01-09T16:32:21
998,A,471.22,2024-12-19T19:53:59
999,A,441.79,2025-01-04T11:59:50
1000,D,428.11,2025-01-10T16:27:08
